ticker,price,momentum_12_1,vol_30d,rsi_14,dist_ma50,sharpe_1y,r_mom,r_vol,r_rsi,r_dist,score,rank
MRK,144.23,72.17,24.13,53.1,1.99,2.07,3.0,29.0,3.0,15.0,12.5,1
KO,86.14,34.84,12.8,39.4,-1.51,1.63,13.0,2.0,18.0,22.0,13.75,2
XOM,163.72,50.82,24.44,45.9,2.29,1.68,6.0,31.0,4.0,14.0,13.75,3
CVX,206.48,42.4,21.3,38.8,2.39,1.48,8.0,19.0,19.0,13.0,14.75,4
AAPL,328.3,27.68,22.15,45.2,1.93,1.17,15.0,24.0,6.0,16.0,15.25,5
JNJ,260.41,51.26,17.4,37.1,-1.92,2.0,5.0,7.0,24.0,25.0,15.25,6
GOOGL,339.04,37.93,23.89,50.4,-1.36,1.22,12.0,28.0,1.0,21.0,15.5,7
ABBV,259.85,10.42,17.24,57.3,0.82,0.69,27.0,6.0,12.0,17.0,15.5,8
PM,187.77,21.07,20.41,43.6,-1.2,0.79,18.0,17.0,8.0,19.0,15.5,9
PFE,28.26,14.13,15.89,63.8,3.66,0.88,24.0,4.0,27.0,11.0,16.5,10
PG,143.79,-0.78,16.4,45.7,-1.34,-0.09,37.0,5.0,5.0,20.0,16.75,11
MO,66.94,10.27,19.85,43.0,-1.16,0.43,28.0,13.0,10.0,18.0,17.25,12
LLY,1145.78,41.43,21.33,60.0,-2.65,1.34,9.0,20.0,16.0,29.0,18.5,13
COST,918.08,1.8,19.97,56.1,-1.63,0.09,34.0,15.0,7.0,23.0,19.75,14
TXN,280.45,44.91,25.68,64.7,3.8,1.26,7.0,37.0,30.0,9.0,20.75,15
INTC,119.96,150.56,65.6,65.5,19.38,2.03,2.0,49.0,32.0,2.0,21.25,16
QCOM,184.47,3.65,48.32,51.6,8.07,0.5,32.0,47.0,2.0,4.0,21.25,17
BRK-B,498.68,1.41,11.21,36.7,-1.66,0.02,35.0,1.0,25.0,24.0,21.25,18
CSCO,108.53,62.51,24.94,39.6,-3.19,1.57,4.0,36.0,17.0,30.0,21.75,19
AMD,612.06,178.68,51.36,73.3,19.64,2.19,1.0,48.0,39.0,1.0,22.25,20
MSFT,514.62,-3.62,21.91,61.3,6.17,0.17,41.0,22.0,20.0,8.0,22.75,21
TMO,663.45,14.98,22.8,75.2,7.76,1.2,23.0,25.0,40.0,5.0,23.25,22
V,359.36,9.66,18.35,35.6,-2.43,0.38,30.0,10.0,29.0,28.0,24.25,23
UNH,364.69,17.08,19.54,36.1,-7.2,0.41,20.0,12.0,28.0,40.0,25.0,24
NVDA,231.1,20.0,38.98,66.3,6.2,0.76,19.0,42.0,34.0,7.0,25.5,25
CRM,232.95,9.74,72.89,38.6,6.79,0.21,29.0,50.0,21.5,6.0,26.625,26
MA,550.03,3.14,17.67,33.8,-3.55,-0.01,33.0,9.0,33.0,32.0,26.75,27
AMZN,247.4,15.57,24.49,38.6,-3.42,0.51,22.0,33.0,21.5,31.0,26.875,28
JPM,331.12,16.84,17.46,23.7,-6.08,0.41,21.0,8.0,42.0,37.0,27.0,29
C,126.43,38.97,22.1,23.8,-5.58,0.96,10.0,23.0,41.0,36.0,27.5,30
VZ,45.98,22.41,19.89,22.0,-4.76,0.56,17.0,14.0,45.0,35.0,27.75,31
TSLA,356.11,-22.3,43.48,43.0,2.74,-0.25,47.0,44.0,10.0,12.0,28.25,32
WMT,104.68,4.93,34.54,43.0,-3.81,0.22,31.0,41.0,10.0,33.0,28.75,33
AVGO,348.23,10.77,30.24,41.9,-6.76,0.36,26.0,39.0,14.0,38.0,29.25,34
DIS,101.88,-3.02,23.1,37.3,-2.16,-0.25,40.0,27.0,23.0,27.0,29.25,35
DHR,215.76,-0.84,24.58,69.2,3.68,0.45,38.0,35.0,35.0,10.0,29.5,36
META,729.14,-17.14,47.53,64.8,17.17,0.2,44.0,45.0,31.0,3.0,30.75,37
T,24.42,-1.37,21.36,28.4,-2.11,-0.26,39.0,21.0,37.0,26.0,30.75,38
PEP,126.14,1.07,14.72,15.5,-7.43,-0.22,36.0,3.0,48.0,41.0,32.0,39
ABT,97.58,-15.32,19.04,29.5,-8.73,-0.96,43.0,11.0,36.0,44.0,33.5,40
NKE,35.85,-46.76,24.18,42.0,-7.77,-1.56,49.0,30.0,13.0,43.0,33.75,41
BAC,53.67,25.51,22.91,10.9,-11.77,0.38,16.0,26.0,50.0,48.0,35.0,42
MS,184.97,38.07,24.53,12.0,-11.81,0.75,11.0,34.0,49.0,49.0,35.75,43
ADBE,240.29,-18.6,41.33,41.2,-6.85,-0.74,46.0,43.0,15.0,39.0,35.75,44
GS,892.5,30.38,28.24,19.3,-11.13,0.57,14.0,38.0,46.0,47.0,36.25,45
WFC,79.51,12.79,24.47,15.8,-7.72,0.02,25.0,32.0,47.0,42.0,36.5,46
MCD,231.87,-10.93,20.85,22.9,-10.41,-1.18,42.0,18.0,43.5,46.0,37.375,47
HD,281.8,-18.11,20.14,22.9,-12.46,-1.18,45.0,16.0,43.5,50.0,38.625,48
ORCL,137.41,-48.99,47.63,36.4,-4.0,-0.97,50.0,46.0,26.0,34.0,39.0,49
NFLX,68.02,-29.34,33.55,27.9,-10.03,-1.37,48.0,40.0,38.0,45.0,42.75,50
